,emphasized,actual,sentiment
0,lllllllllike,like,1
1,llllike,like,1
2,lllllllllllllike,like,1
3,lllllllike,like,1
4,lllllllllike,like,1
5,liiiiiiiiiiiiiike,like,1
6,likkkkkkkkkkkke,like,1
7,llllike,like,1
8,likeeeeeeee,like,1
9,lllllllike,like,1
10,liiiiiiiiiiiiike,like,1
11,likkkkkkkkkkke,like,1
12,likeeeeeeeeeeeeeee,like,1
13,llike,like,1
14,llllllllllike,like,1
15,llllllllllllllike,like,1
16,likeeeeeeeeeeeee,like,1
17,lllllike,like,1
18,llllllike,like,1
19,likeeeeeeeee,like,1
20,liiiiiiiiiike,like,1
21,lllike,like,1
22,liiiiiiiiike,like,1
23,llllllllllllike,like,1
24,likeeee,like,1
25,liiiiiiiiiiiiiike,like,1
26,likkkkkkke,like,1
27,likeee,like,1
28,likeeeeeeeeeeeeee,like,1
29,likeeeeeee,like,1
30,llllllllllllllike,like,1
31,lllllllllike,like,1
32,likeeeeeeeeee,like,1
33,likeeeeee,like,1
34,likkkkkkkkkkkkkkke,like,1
35,likeeeeeeeeeeee,like,1
36,liiiiiiiiiiiiiike,like,1
37,liiiiiiiiike,like,1
38,likkkke,like,1
39,likkke,like,1
40,llllllike,like,1
41,likkkkkkke,like,1
42,llllllike,like,1
43,lllllllllllike,like,1
44,liiiiiiiiiiiiiiike,like,1
45,likkkkke,like,1
46,likkkkkkkkkke,like,1
47,likkkke,like,1
48,likeeeeeeeee,like,1
49,likkkkkkkkkkke,like,1
50,llllllllike,like,1
51,likeeeeeeeeeee,like,1
52,likkkkkkkkkkkke,like,1
53,llllllllllllike,like,1
54,likkkkkkkke,like,1
55,liike,like,1
56,likkkkkkkkkkke,like,1
57,likkkkkkkkkkkkke,like,1
58,lllllllike,like,1
59,liike,like,1
60,likkkkke,like,1
61,lllllllllllllike,like,1
62,likkkke,like,1
63,likeeeeee,like,1
64,likkkkkkkkkkkkkkke,like,1
65,llike,like,1
66,likkke,like,1
67,likeeeeeeeeeeee,like,1
68,lllllllllllike,like,1
69,likeeeeeee,like,1
70,liiiike,like,1
71,likeeeeeeeeee,like,1
72,likeee,like,1
73,lllllike,like,1
74,llllike,like,1
75,likeeeeeeeeee,like,1
76,liiiiiiiiiiiike,like,1
77,likee,like,1
78,likeeeeeee,like,1
79,likeeeeeeeeeee,like,1
80,likkkkkkkkke,like,1
81,likeee,like,1
82,lllllllike,like,1
83,lllllllllike,like,1
84,likeeeeeeeeee,like,1
85,likeeeeeeeeeeeee,like,1
86,likke,like,1
87,likee,like,1
88,likkkkkkkke,like,1
89,likeeeeeeeee,like,1
90,llllllllllike,like,1
91,lllllllllike,like,1
92,liiiiiiiiike,like,1
93,llllllllllike,like,1
94,lllike,like,1
95,likeeeeee,like,1
96,liiiiiiiike,like,1
97,lllike,like,1
98,likeeeeeeeee,like,1
99,likeeeeeeeeeeeeeee,like,1
100,beauuuuuuuuuuuuuuutiful,beautiful,1
101,beautifuuuuuuuuuul,beautiful,1
102,beautttttttttttttiful,beautiful,1
103,beautiiful,beautiful,1
104,bbbbbbbbbbbbbbeautiful,beautiful,1
105,beauuuuuuuuuuuutiful,beautiful,1
106,beauuuuuuuuuuuuutiful,beautiful,1
107,beautiiiiiiiiiful,beautiful,1
108,beaaaaaaaautiful,beautiful,1
109,beautiffffffffffffful,beautiful,1
110,beautttttttttttttiful,beautiful,1
111,beaautiful,beautiful,1
112,beaaaaaaaaaaaautiful,beautiful,1
113,beauuuuuutiful,beautiful,1
114,beauuuuuuuuuutiful,beautiful,1
115,beautifulll,beautiful,1
116,bbbbbbbbbbeautiful,beautiful,1
117,beautiffful,beautiful,1
118,beautifullll,beautiful,1
119,beautifuuuul,beautiful,1
120,beauttiful,beautiful,1
121,beautiiiiiiiiiiful,beautiful,1
122,beaaaaautiful,beautiful,1
123,beauttttttiful,beautiful,1
124,beauuuuuuuuuuutiful,beautiful,1
125,beautttttttttttiful,beautiful,1
126,beauttttttttttttttiful,beautiful,1
127,beeeeeeeeeeeeeautiful,beautiful,1
128,bbbbbbbbbbbbbbbeautiful,beautiful,1
129,beautiffful,beautiful,1
130,beautiffffffffffful,beautiful,1
131,beaaaaaaaaaaautiful,beautiful,1
132,beautiiiiiiiful,beautiful,1
133,beautiiful,beautiful,1
134,beaaaaaaaautiful,beautiful,1
135,beautiffffffffful,beautiful,1
136,beautifuuuuul,beautiful,1
137,beauttttttttiful,beautiful,1
138,beautiffffful,beautiful,1
139,beauttttttttttttttiful,beautiful,1
140,beauttttttttiful,beautiful,1
141,beauuuuuuutiful,beautiful,1
142,beaaaaaautiful,beautiful,1
143,beeeeeautiful,beautiful,1
144,beautttttttttttttiful,beautiful,1
145,beauuuuuuuuutiful,beautiful,1
146,beautifuuuul,beautiful,1
147,beaaaaaaaaaautiful,beautiful,1
148,beautiiiiiiiful,beautiful,1
149,bbbbeautiful,beautiful,1
150,beautiiiiiiiful,beautiful,1
151,beaaaaaaaaaaaaaautiful,beautiful,1
152,beautifffful,beautiful,1
153,beautiffffffffffffffful,beautiful,1
154,beauttttiful,beautiful,1
155,beaaaaaaaaaautiful,beautiful,1
156,beautiffffffful,beautiful,1
157,bbbbbbbbbbeautiful,beautiful,1
158,beeeeeeeeeeeeeeeautiful,beautiful,1
159,beaaaaautiful,beautiful,1
160,beaaaautiful,beautiful,1
161,beaaaaaaaautiful,beautiful,1
162,beautifullllll,beautiful,1
163,beautiffffffffful,beautiful,1
164,beautifullllllll,beautiful,1
165,beauttiful,beautiful,1
166,beeeeeeeeeeeeeeautiful,beautiful,1
167,beeeautiful,beautiful,1
168,beaaautiful,beautiful,1
169,beautifffffffful,beautiful,1
170,beeeeeeeeeautiful,beautiful,1
171,beautiffffffffffffffful,beautiful,1
172,beaautiful,beautiful,1
173,beauuuuuuuuuuuuuutiful,beautiful,1
174,beaaaaaaaaaautiful,beautiful,1
175,beeeautiful,beautiful,1
176,beeeeeeeeeeeeeeautiful,beautiful,1
177,beautttttttttttttttiful,beautiful,1
178,beautiffffffffffffful,beautiful,1
179,beautifffffffful,beautiful,1
180,bbbbbbbbeautiful,beautiful,1
181,beauuuuuuutiful,beautiful,1
182,beautiiiiiiiiiiiiiiful,beautiful,1
183,beautifulllll,beautiful,1
184,beautifuuuuuuuuuuuul,beautiful,1
185,beeeeeeeeeautiful,beautiful,1
186,beautiffffful,beautiful,1
187,beautifulllll,beautiful,1
188,beeeeeeeeautiful,beautiful,1
189,beauuuuuuuuuuutiful,beautiful,1
190,bbbbbbbbeautiful,beautiful,1
191,beautiffffffful,beautiful,1
192,beaaaaaaaaaaaaaaautiful,beautiful,1
193,beaaaaaaaaautiful,beautiful,1
194,beautifuuuuuuuul,beautiful,1
195,beautiffffffful,beautiful,1
196,beautttttiful,beautiful,1
197,beauttttttiful,beautiful,1
198,beautifuuuuuuuuuuul,beautiful,1
199,beaaaaaaautiful,beautiful,1
200,loveeeeeeeeeee,love,1
201,lovvvvvve,love,1
202,lovve,love,1
203,lovee,love,1
204,lovve,love,1
205,looooooooooooooove,love,1
206,looooooove,love,1
207,lllllllllllllove,love,1
208,loooove,love,1
209,loooooooooooooove,love,1
210,lllllllllllove,love,1
211,lovvvvvve,love,1
212,lovve,love,1
213,loove,love,1
214,llllllove,love,1
215,lovvvvvvvve,love,1
216,loveeeeeeeeeee,love,1
217,loveeeeeeeeeee,love,1
218,loooove,love,1
219,loooooooooooooove,love,1
220,loooooooove,love,1
221,lovve,love,1
222,loooooooooooove,love,1
223,lovvvve,love,1
224,loveeeeeee,love,1
225,loooooooooooove,love,1
226,llove,love,1
227,lovee,love,1
228,loveee,love,1
229,looooooooooooooove,love,1
230,loveeeeeeeeee,love,1
231,loveeeeeeeeeeee,love,1
232,llllllllllllllove,love,1
233,loooooooooooooove,love,1
234,llllllllove,love,1
235,looooooooooooove,love,1
236,looove,love,1
237,loveeeeeee,love,1
238,lovvvvvvvvve,love,1
239,loveee,love,1
240,loveee,love,1
241,llllove,love,1
242,loveeeeeeeeeeeeeee,love,1
243,llllove,love,1
244,loveeeeeeeeeee,love,1
245,loooove,love,1
246,looooooooooooooove,love,1
247,lovvvvvvvvvvvvve,love,1
248,loooooooooooove,love,1
249,lovvvvvvvvvvvvvve,love,1
250,loveeeeeeee,love,1
251,lovvvvvvvve,love,1
252,loveeeeeeeeeeee,love,1
253,lllllllove,love,1
254,lovvvvvvve,love,1
255,looooooooove,love,1
256,lovvvvvvvvvvvvve,love,1
257,lovvvvvvvvvvvve,love,1
258,looooooooooove,love,1
259,loveeeeeeeeeeeeee,love,1
260,looooooooooooove,love,1
261,llllove,love,1
262,lllllllllllove,love,1
263,lovvvvvvvvvvve,love,1
264,loveeeeeeeeee,love,1
265,lllove,love,1
266,lovvvvve,love,1
267,lovvve,love,1
268,loooooove,love,1
269,lovvvvvvve,love,1
270,llllllllove,love,1
271,lovvvvvvvve,love,1
272,loooooooooooooove,love,1
273,llllllllllllove,love,1
274,llllove,love,1
275,loveeeeeeee,love,1
276,loveeeeeeee,love,1
277,lovvvvvvve,love,1
278,lovvvvvvvvvvve,love,1
279,lovvvvvvvve,love,1
280,llove,love,1
281,loove,love,1
282,lllllllllove,love,1
283,lovvvvvvvvvvvvvve,love,1
284,looooooooooooooove,love,1
285,loveeeeeeeee,love,1
286,lovvvvvvvvvvvvvvve,love,1
287,loveeeeeeeeee,love,1
288,lllllllllllove,love,1
289,lovvvvvve,love,1
290,lovvvvvvvvvvvve,love,1
291,looooooooooooooove,love,1
292,lllllllllllllove,love,1
293,loveeee,love,1
294,loveeee,love,1
295,lovve,love,1
296,llllllllove,love,1
297,lovvvvvvvvvvvvvvve,love,1
298,lovvvvvvvvvvvve,love,1
299,loooooooooooooove,love,1
300,coolllllllll,cool,1
301,coooool,cool,1
302,coollllllll,cool,1
303,coolll,cool,1
304,cooooooooooooooool,cool,1
305,cooooooooooool,cool,1
306,ccccool,cool,1
307,cccccccccool,cool,1
308,coolllll,cool,1
309,coooooooooool,cool,1
310,coool,cool,1
311,coooooooooool,cool,1
312,coollllll,cool,1
313,cooooooooool,cool,1
314,ccool,cool,1
315,coolll,cool,1
316,coooooooooooool,cool,1
317,coolllllllllllllll,cool,1
318,coooooooooool,cool,1
319,cooll,cool,1
320,coooooooool,cool,1
321,coooool,cool,1
322,ccccccool,cool,1
323,coooooooooool,cool,1
324,cooooool,cool,1
325,ccccccccool,cool,1
326,coooool,cool,1
327,ccccccccccccool,cool,1
328,coollllllllllllll,cool,1
329,ccccccccccccccool,cool,1
330,cccccccccccccccool,cool,1
331,ccccccccccool,cool,1
332,coollllllll,cool,1
333,cccccccccccccool,cool,1
334,coool,cool,1
335,coollll,cool,1
336,ccccool,cool,1
337,coooooooooool,cool,1
338,cccccccccccccccool,cool,1
339,cooooooooooooool,cool,1
340,coool,cool,1
341,coollllllll,cool,1
342,coollllllllllll,cool,1
343,cooooooooooool,cool,1
344,cccccccccccccool,cool,1
345,coool,cool,1
346,ccccccool,cool,1
347,cooooooooooooool,cool,1
348,coooool,cool,1
349,cccccccool,cool,1
350,cooooooool,cool,1
351,coollllllllllll,cool,1
352,coooooooooooooool,cool,1
353,ccccccccool,cool,1
354,ccccool,cool,1
355,cooooooooooooool,cool,1
356,coolllllllllllll,cool,1
357,ccccccool,cool,1
358,ccccccccccool,cool,1
359,cooooooool,cool,1
360,cooooool,cool,1
361,coollllllllll,cool,1
362,cccccccccccool,cool,1
363,cooooool,cool,1
364,cooooooooooool,cool,1
365,ccccool,cool,1
366,coooooooooooooool,cool,1
367,cooooooooooooool,cool,1
368,coooool,cool,1
369,ccool,cool,1
370,coollll,cool,1
371,cooooool,cool,1
372,coollllllllllllll,cool,1
373,coooooooooooooool,cool,1
374,coolllll,cool,1
375,coolllllllll,cool,1
376,cccccccccccool,cool,1
377,coolllllllll,cool,1
378,cooooooooooooool,cool,1
379,cccccccccccccool,cool,1
380,cooooooooooool,cool,1
381,coolllllllllllllll,cool,1
382,cooll,cool,1
383,coolllllllllll,cool,1
384,coooooooooooool,cool,1
385,coolllllll,cool,1
386,cooooooool,cool,1
387,ccccccccccccccool,cool,1
388,coooooooool,cool,1
389,cooooooooooooooool,cool,1
390,coooooooooooool,cool,1
391,coolllllllllllll,cool,1
392,coollllllllll,cool,1
393,ccccccccccool,cool,1
394,cooooool,cool,1
395,coooooooooooool,cool,1
396,cooooooooooooooool,cool,1
397,cccccccccool,cool,1
398,coooooooooooool,cool,1
399,cooooooooooool,cool,1
400,grrrrrrrrrrrrrreat,great,1
401,greeeeeeeeeeeeeat,great,1
402,ggggggggggggggreat,great,1
403,ggreat,great,1
404,greaaaaaaaat,great,1
405,greeeeeeeeeeeeeeeat,great,1
406,greattttttttt,great,1
407,gggggggggggggggreat,great,1
408,grrreat,great,1
409,greeeeeeeat,great,1
410,greaaaaaaaaaaaaaat,great,1
411,gggggggggggreat,great,1
412,ggggggggggggggreat,great,1
413,greeeeeeeat,great,1
414,greattttttttttt,great,1
415,grrrrrrrrrreat,great,1
416,greaaaaat,great,1
417,greaaaaaaaaaaaat,great,1
418,greeeeeat,great,1
419,grrrrrrrrrrreat,great,1
420,grrrrrrrrrrrrreat,great,1
421,greeeeeeat,great,1
422,greeeeeeeeat,great,1
423,greeeeeeeat,great,1
424,gggggggggggggggreat,great,1
425,greeeeeeeeeat,great,1
426,grrrrreat,great,1
427,greaaaaaaaaaaaaaaat,great,1
428,greeeeeeeeeat,great,1
429,greaaaaat,great,1
430,grrrrrrrrrrrrreat,great,1
431,ggreat,great,1
432,gggggreat,great,1
433,gggggggggggggreat,great,1
434,grrrrrrrrreat,great,1
435,grrrrrrrrrrrrreat,great,1
436,greeeeeat,great,1
437,grrrrreat,great,1
438,ggggggreat,great,1
439,greeeeeeeeeeeat,great,1
440,greatttttttttttttt,great,1
441,greattttttttttt,great,1
442,greatttttttt,great,1
443,greatttttttttt,great,1
444,greeat,great,1
445,grrreat,great,1
446,ggggggggggggreat,great,1
447,greaaaaaaaaat,great,1
448,gggggggggggggreat,great,1
449,greaaaaaaaaaaaat,great,1
450,greeeeeeeeeeeeeeat,great,1
451,ggggggggreat,great,1
452,ggggggggreat,great,1
453,grrrrrrrreat,great,1
454,ggggggggggggggreat,great,1
455,grrrrrrrrrreat,great,1
456,ggggggggggggggreat,great,1
457,grrrrrreat,great,1
458,greaaaaaaaaaaaaaaat,great,1
459,greaaaaaaaaaaaaat,great,1
460,greattttttt,great,1
461,greeeeeeeat,great,1
462,greatttt,great,1
463,greatttttttttttttt,great,1
464,gggggggggggggggreat,great,1
465,grrrrrrrreat,great,1
466,greatt,great,1
467,greatttttttt,great,1
468,greatttttttt,great,1
469,gggreat,great,1
470,gggggggggggggggreat,great,1
471,greattt,great,1
472,gggggggreat,great,1
473,greaaaaaaaat,great,1
474,gggggreat,great,1
475,gggggggreat,great,1
476,greattttttttttt,great,1
477,ggggggggreat,great,1
478,greaaaat,great,1
479,greaaaaaaaaaaat,great,1
480,gggggggggreat,great,1
481,greatttttt,great,1
482,greaaaaaaaaaaaaat,great,1
483,greatttt,great,1
484,gggggggggggggreat,great,1
485,grrrrreat,great,1
486,greaaaaat,great,1
487,greaaaaaat,great,1
488,greeeeeeeat,great,1
489,grrrrrrrrrrrrreat,great,1
490,greaaaaaat,great,1
491,greeeeeeeeeeeat,great,1
492,greeeeeeeeeeeeeat,great,1
493,greaaaaaaat,great,1
494,grrrrrreat,great,1
495,greeeeeeeeeat,great,1
496,greeeeat,great,1
497,ggreat,great,1
498,greaaaat,great,1
499,gggreat,great,1
500,excellllllent,excellent,1
501,exceeeeeeeeeellent,excellent,1
502,exceeeeeeeeeellent,excellent,1
503,excellenttttttttttt,excellent,1
504,exxxxxxxcellent,excellent,1
505,excelleeeeent,excellent,1
506,excelllllent,excellent,1
507,exxxxxxxxxxcellent,excellent,1
508,excelllllent,excellent,1
509,excelllllllllllllent,excellent,1
510,eeeexcellent,excellent,1
511,excelllllllllllllllent,excellent,1
512,eeeeeeeeexcellent,excellent,1
513,exxxxxxxxxcellent,excellent,1
514,exxxxxxxxxxxxxxxcellent,excellent,1
515,excelllllllllent,excellent,1
516,excellennnnnnnnnnnnt,excellent,1
517,excellentttttttttt,excellent,1
518,exccccccccellent,excellent,1
519,excccellent,excellent,1
520,excellennt,excellent,1
521,excellennnnnnnnnnnnnnt,excellent,1
522,eeeexcellent,excellent,1
523,excelllent,excellent,1
524,exccccellent,excellent,1
525,excellennnnnnt,excellent,1
526,excellentttttttttttt,excellent,1
527,excellentttttttt,excellent,1
528,excellllllllent,excellent,1
529,eeeeeeexcellent,excellent,1
530,excelleeeeeeeeeeeeeent,excellent,1
531,excelleeeeent,excellent,1
532,excelleeent,excellent,1
533,eeeeeeeexcellent,excellent,1
534,excellentt,excellent,1
535,exxxxxxxxxxxxxcellent,excellent,1
536,excelllllent,excellent,1
537,exxxxxxxxcellent,excellent,1
538,exxxxxxxcellent,excellent,1
539,exxxxxxxxxxxxxcellent,excellent,1
540,eeeeeeeeexcellent,excellent,1
541,eeeeexcellent,excellent,1
542,exceeeeeeellent,excellent,1
543,excelleeeent,excellent,1
544,excelllllllent,excellent,1
545,exceellent,excellent,1
546,exxxxxxxcellent,excellent,1
547,exxxxxxxxxxxxxxxcellent,excellent,1
548,excellenttttttttttt,excellent,1
549,excelleeeeeeeeeent,excellent,1
550,excellllllllllllllllent,excellent,1
551,excellennnnnnnnnnnnnnnt,excellent,1
552,exceeeeeeeeeeeeellent,excellent,1
553,eeeeeeeeeexcellent,excellent,1
554,excellenttt,excellent,1
555,exceeellent,excellent,1
556,excellenttt,excellent,1
557,excellennnnnnnnnnnt,excellent,1
558,exxxxxxxcellent,excellent,1
559,excellennnnnnnnnnnt,excellent,1
560,excellenttttttttt,excellent,1
561,exceeeeellent,excellent,1
562,excelllllllent,excellent,1
563,excelllllent,excellent,1
564,excellennnnnnnnnnnnnt,excellent,1
565,exxcellent,excellent,1
566,eexcellent,excellent,1
567,excelleeeeeeeeeeeeeeent,excellent,1
568,exccccccccccccellent,excellent,1
569,excelleeeeeeeent,excellent,1
570,excellllllllent,excellent,1
571,exceeeeeeeeeellent,excellent,1
572,excelleeeeeeeeeent,excellent,1
573,excellennnnnnnnnnnnnnnt,excellent,1
574,excelllllllent,excellent,1
575,excellllllllllllllllent,excellent,1
576,excellenttttttttttttttt,excellent,1
577,exxxxxcellent,excellent,1
578,exccccccccellent,excellent,1
579,excelllllllllent,excellent,1
580,excelllllllllllllllent,excellent,1
581,excellennnnnnnnnnnnt,excellent,1
582,excellennt,excellent,1
583,exxxxxxxxxxcellent,excellent,1
584,exccccccellent,excellent,1
585,excccellent,excellent,1
586,excellllllent,excellent,1
587,exxxxxxxxcellent,excellent,1
588,exccccccccccccccellent,excellent,1
589,exxxxxxxcellent,excellent,1
590,excccccccccccccellent,excellent,1
591,exxxxxxxxxxxxxcellent,excellent,1
592,excellentttttttttttt,excellent,1
593,excelleeeeeeeeeeeeeeent,excellent,1
594,eeeeeeeeeeeexcellent,excellent,1
595,excellennnnnnnnnnt,excellent,1
596,exccccccccccccellent,excellent,1
597,exceeeeeeeeeeeeeellent,excellent,1
598,excelllllllllllent,excellent,1
599,excelllllllllent,excellent,1
600,pppppretty,pretty,1
601,prettyyyyyy,pretty,1
602,prettyyyyyyyyyy,pretty,1
603,pppppppppretty,pretty,1
604,prrrrrrrrrrrrretty,pretty,1
605,prettttttttttty,pretty,1
606,prettyyyyyyyyyyyyyy,pretty,1
607,pretttttty,pretty,1
608,prettttty,pretty,1
609,pretttttttty,pretty,1
610,prrrrrrrrrretty,pretty,1
611,prettyyyyyyyyyyy,pretty,1
612,preeeeeeeeeeeeetty,pretty,1
613,prettty,pretty,1
614,preeeeeeetty,pretty,1
615,prettty,pretty,1
616,prrretty,pretty,1
617,prettyyyyyyyyyyyy,pretty,1
618,preeeeeeeeeeeeeeetty,pretty,1
619,preeeeeeeeeeetty,pretty,1
620,prrrrrrrrretty,pretty,1
621,prettttttttty,pretty,1
622,prettyyy,pretty,1
623,prettttty,pretty,1
624,prrretty,pretty,1
625,ppppppppppppppretty,pretty,1
626,ppppppppppppretty,pretty,1
627,prettttttttttttttty,pretty,1
628,prrrrrrrretty,pretty,1
629,preetty,pretty,1
630,prrretty,pretty,1
631,pppppppppppretty,pretty,1
632,pppppppppppppretty,pretty,1
633,prettttty,pretty,1
634,prretty,pretty,1
635,preeeeeeeeeeeeeeetty,pretty,1
636,prrrrrrrrrrrretty,pretty,1
637,preeeeeeeeeeeeeetty,pretty,1
638,prettttttty,pretty,1
639,prrrrrrretty,pretty,1
640,pretttttttttty,pretty,1
641,prettttttttttttttty,pretty,1
642,prettttttttttttty,pretty,1
643,pretttttttttttttttty,pretty,1
644,prettyyy,pretty,1
645,prettty,pretty,1
646,preeetty,pretty,1
647,pretttttty,pretty,1
648,ppretty,pretty,1
649,prettty,pretty,1
650,pretttttttttty,pretty,1
651,prettty,pretty,1
652,preeeeetty,pretty,1
653,preeeeeeeeeeeeeeetty,pretty,1
654,pretttttttttty,pretty,1
655,pppppppppppretty,pretty,1
656,prettyyyyyyyyyyyyyy,pretty,1
657,preeeeeeeetty,pretty,1
658,pppppppppppretty,pretty,1
659,pretttttttttty,pretty,1
660,preeeeeeeeeeeeetty,pretty,1
661,prettyyyy,pretty,1
662,prettyyyyyyyy,pretty,1
663,preeeeetty,pretty,1
664,preetty,pretty,1
665,prrrrrrrrrrrrrretty,pretty,1
666,prettty,pretty,1
667,prrrrrrrrrrrrretty,pretty,1
668,preeeeeeeeetty,pretty,1
669,ppppretty,pretty,1
670,prrrretty,pretty,1
671,pppppppretty,pretty,1
672,prrretty,pretty,1
673,prettttttty,pretty,1
674,preeeeeeeeeeeeeeetty,pretty,1
675,prrrrrrrrretty,pretty,1
676,pppppppppppretty,pretty,1
677,prettttttttty,pretty,1
678,prettttttttttttty,pretty,1
679,prrrretty,pretty,1
680,prettyyyyyyyyyyyyyyy,pretty,1
681,prrrrrrrrretty,pretty,1
682,prettttttttty,pretty,1
683,prrrrrrrretty,pretty,1
684,preeeeeeeetty,pretty,1
685,preeeeeetty,pretty,1
686,pppretty,pretty,1
687,pretttttty,pretty,1
688,preetty,pretty,1
689,preeeeeeeeeetty,pretty,1
690,pretttttttttttttttty,pretty,1
691,prrrrrrrrrrrrrretty,pretty,1
692,preeeeeeeeeeeeeetty,pretty,1
693,preeeeeeeeeeeeeetty,pretty,1
694,prettttttttttttty,pretty,1
695,prettyyyyyyyyyyyyyyy,pretty,1
696,pretttty,pretty,1
697,ppppretty,pretty,1
698,prrrrrrrrrrretty,pretty,1
699,prrrrrrrrrrrretty,pretty,1
700,perfecct,perfect,1
701,ppppppppppppperfect,perfect,1
702,perfffffffect,perfect,1
703,perfecttttttttttttttt,perfect,1
704,peeeeeeerfect,perfect,1
705,perfeeeeeeeeeeect,perfect,1
706,perfffect,perfect,1
707,perfecttttt,perfect,1
708,ppperfect,perfect,1
709,perfectttttttt,perfect,1
710,perfecttttttttttttttt,perfect,1
711,perfffffffffffect,perfect,1
712,perfectttttt,perfect,1
713,pperfect,perfect,1
714,perfffffect,perfect,1
715,perfffffffect,perfect,1
716,perfeccccccccccccccct,perfect,1
717,perfectttttttt,perfect,1
718,ppppppperfect,perfect,1
719,perfeccccct,perfect,1
720,perrrrrrrrrfect,perfect,1
721,perfeccccccct,perfect,1
722,perfeeeeeeeeeeeect,perfect,1
723,peeerfect,perfect,1
724,perfeccccccct,perfect,1
725,perfeeeeeeeeeeeeect,perfect,1
726,peeeeeeeeeeeerfect,perfect,1
727,perfeccccct,perfect,1
728,perrrfect,perfect,1
729,perfffffffffffffffect,perfect,1
730,perfffffect,perfect,1
731,perfffffffffffffffect,perfect,1
732,perfeeeeeeeeeeeeeeect,perfect,1
733,perrrfect,perfect,1
734,perfffffffect,perfect,1
735,peeeerfect,perfect,1
736,ppppppperfect,perfect,1
737,peeeeeeeeeeeeeerfect,perfect,1
738,ppppppppppperfect,perfect,1
739,peeeerfect,perfect,1
740,perfeeeeeeect,perfect,1
741,ppppppppppppppperfect,perfect,1
742,perffffect,perfect,1
743,perfeeeect,perfect,1
744,perrrrrfect,perfect,1
745,perfeect,perfect,1
746,ppppppppppppppperfect,perfect,1
747,perfffffffffffffffect,perfect,1
748,perfffffffect,perfect,1
749,pppppppppperfect,perfect,1
750,peeeeeeeeeeeeeerfect,perfect,1
751,perfeeect,perfect,1
752,perfffffect,perfect,1
753,peeeeerfect,perfect,1
754,perfffffffffect,perfect,1
755,perfffffffffffffffect,perfect,1
756,perfectttttttttt,perfect,1
757,ppppperfect,perfect,1
758,perffffffffffffect,perfect,1
759,peeeeeeeeerfect,perfect,1
760,perfecttttt,perfect,1
761,pperfect,perfect,1
762,perffffffffect,perfect,1
763,perfffffffect,perfect,1
764,perrrrrrfect,perfect,1
765,perfffffffffect,perfect,1
766,perfeeeeeeeeeeeeeect,perfect,1
767,peeerfect,perfect,1
768,perfecct,perfect,1
769,perrrrrrrrfect,perfect,1
770,pppppppppperfect,perfect,1
771,perfectttttttttttt,perfect,1
772,perfecttttttt,perfect,1
773,pppppppppperfect,perfect,1
774,peeeeeerfect,perfect,1
775,perfeeeeeeect,perfect,1
776,perfecttttttttt,perfect,1
777,pppppperfect,perfect,1
778,pppppppperfect,perfect,1
779,perrrrrrrrrfect,perfect,1
780,pppppppperfect,perfect,1
781,perfeccccct,perfect,1
782,perfecccct,perfect,1
783,perfffffffffffffffect,perfect,1
784,perfeeeeeeeeect,perfect,1
785,perfeeeeect,perfect,1
786,perrfect,perfect,1
787,perfecttttttt,perfect,1
788,pppppppppppperfect,perfect,1
789,perfecccccccct,perfect,1
790,perfecccccccccccccct,perfect,1
791,peeeeeerfect,perfect,1
792,perfeeeeeeeeect,perfect,1
793,peeeeerfect,perfect,1
794,perfeeeeect,perfect,1
795,perffffffffffffffect,perfect,1
796,ppppppppppppperfect,perfect,1
797,perfeeeeeeeeeeeeeect,perfect,1
798,perfecttttttt,perfect,1
799,peeeeerfect,perfect,1
800,nnnnnnnnnice,nice,1
801,nicccccccccce,nice,1
802,niccccce,nice,1
803,niiiiiiiiiiiiiiice,nice,1
804,niiiiiiiiiiiiiice,nice,1
805,niceeeeeeeeeeeeeee,nice,1
806,niccce,nice,1
807,niceeeee,nice,1
808,niceeee,nice,1
809,niccccccccccccce,nice,1
810,nnnnnnnnnnnnice,nice,1
811,nicccccccccccce,nice,1
812,niceeeeeeeeee,nice,1
813,niiiiice,nice,1
814,niiice,nice,1
815,niice,nice,1
816,nnnnice,nice,1
817,niccccccce,nice,1
818,niiice,nice,1
819,niceeee,nice,1
820,nicccccccccccccce,nice,1
821,nnnnnice,nice,1
822,nnnnnnnnnnnnnice,nice,1
823,niceeeeeeeeeeee,nice,1
824,nnnnnnnnnnnnnnice,nice,1
825,niiiiiice,nice,1
826,nicce,nice,1
827,niiiiice,nice,1
828,nicccccccccccce,nice,1
829,niccccccccccce,nice,1
830,niccccccccce,nice,1
831,niceeeeeeeeeeeeee,nice,1
832,niceeeeeeeee,nice,1
833,niceeeeeeeeeeee,nice,1
834,niceeeee,nice,1
835,niice,nice,1
836,nicccccccccce,nice,1
837,niceeeeeeeeeee,nice,1
838,nnnnnnice,nice,1
839,niiiiiiice,nice,1
840,niiiiiiiiice,nice,1
841,nicccccccce,nice,1
842,niccccccccccce,nice,1
843,nicee,nice,1
844,niiiiiice,nice,1
845,niiiiiiiiiiice,nice,1
846,niceeeeeeeeeeeeeee,nice,1
847,niceeee,nice,1
848,niice,nice,1
849,niiice,nice,1
850,niceee,nice,1
851,niceeeeeeeeeeeeeee,nice,1
852,niiiiice,nice,1
853,niiiiiiiiiiice,nice,1
854,niceeeeeeeee,nice,1
855,nnnice,nice,1
856,niiiiiiiiice,nice,1
857,niceeee,nice,1
858,niiiiiiiiiiiiiiice,nice,1
859,niceeeeee,nice,1
860,niceeeeeeeeeeeee,nice,1
861,niceeeeeeeeee,nice,1
862,nnnnnnice,nice,1
863,nnnnnnnnnnnnnnnice,nice,1
864,nnnnnnnnnnnnnice,nice,1
865,niiiiiiiiiiiiice,nice,1
866,niiiiice,nice,1
867,nicee,nice,1
868,niiice,nice,1
869,niceeeeeeeeeee,nice,1
870,niiiice,nice,1
871,niiiiice,nice,1
872,niiiiiiiiiiiiice,nice,1
873,niiiice,nice,1
874,nnnnnnnnnnice,nice,1
875,niccccccccccce,nice,1
876,niice,nice,1
877,nnnnnnnnnnnnnice,nice,1
878,nicce,nice,1
879,niceeeeeeeeeee,nice,1
880,niiiice,nice,1
881,niccccccccccce,nice,1
882,nnnnnnnnnice,nice,1
883,nnnnnnnnice,nice,1
884,nnnnnnnnnnnice,nice,1
885,nicccce,nice,1
886,niccce,nice,1
887,niiiiiiice,nice,1
888,nnnnnice,nice,1
889,niice,nice,1
890,niccccccce,nice,1
891,niccccccccccccccce,nice,1
892,nnnnnnnnnnnnnice,nice,1
893,nicccccccccce,nice,1
894,niccccce,nice,1
895,niceeeeeeeeeeeeeee,nice,1
896,niceeeeeeeeeee,nice,1
897,niceeeeeeeee,nice,1
898,nnnnnice,nice,1
899,nicccccccccccccce,nice,1
900,baddddddddd,bad,1
901,badddddddd,bad,1
902,bbbbbbbbbbbad,bad,1
903,bbbbbbad,bad,1
904,badddddddddddddd,bad,1
905,bbbbbbbad,bad,1
906,baad,bad,1
907,bbbbbbbbbbbbad,bad,1
908,baddddd,bad,1
909,baaaaaaaad,bad,1
910,baddd,bad,1
911,baddddd,bad,1
912,badddddddddddddd,bad,1
913,bbbbbbbad,bad,1
914,baaaaaaad,bad,1
915,bbbbbbbbbbbad,bad,1
916,bbbbad,bad,1
917,baaaaaaaad,bad,1
918,baddddddddddddddd,bad,1
919,baaaad,bad,1
920,badd,bad,1
921,bbbbbbbbbbad,bad,1
922,badddddddddddddd,bad,1
923,badddd,bad,1
924,baaaaaaaaaad,bad,1
925,baad,bad,1
926,badddddddddddddd,bad,1
927,baddddddddddddddd,bad,1
928,baaad,bad,1
929,baaaaaaaad,bad,1
930,bbbbbbad,bad,1
931,badddddddddddd,bad,1
932,baddddddddddddd,bad,1
933,bbbbbbbbbad,bad,1
934,baaaaaaaad,bad,1
935,bbbbbbbbbbbbbbbad,bad,1
936,baaaaaaaaaaaad,bad,1
937,bbbbbbbad,bad,1
938,badddddddddd,bad,1
939,bbbbbbbbbbbbbbbad,bad,1
940,baddddddddddddddd,bad,1
941,badd,bad,1
942,badd,bad,1
943,bbbbad,bad,1
944,baaad,bad,1
945,badddddd,bad,1
946,baaaaaad,bad,1
947,baaaaaaaaaaaaaad,bad,1
948,bbbbbbbbbbbbbbbad,bad,1
949,badd,bad,1
950,bbbbad,bad,1
951,baddddddd,bad,1
952,baaaaaaaad,bad,1
953,bbbbbbad,bad,1
954,baaaad,bad,1
955,badddd,bad,1
956,badddddddddddddd,bad,1
957,bbbbad,bad,1
958,badddddddddddddd,bad,1
959,bbbbad,bad,1
960,baaaaaaaaaaad,bad,1
961,baad,bad,1
962,baddddd,bad,1
963,bbbbbbbbbbbad,bad,1
964,badddddddddd,bad,1
965,baddddddddddddddd,bad,1
966,baaaaaaaad,bad,1
967,baddddddddd,bad,1
968,bbbbbbbbbbbbbad,bad,1
969,baddddddddd,bad,1
970,baaaaaaad,bad,1
971,baaaaaaaaaaad,bad,1
972,baaaad,bad,1
973,badddddddddd,bad,1
974,baaaaad,bad,1
975,bbbbbbbbbbbbad,bad,1
976,baaaaad,bad,1
977,baaaaaaaaaaaaad,bad,1
978,badddd,bad,1
979,badddddddddddd,bad,1
980,baaaaaad,bad,1
981,bbbbad,bad,1
982,baaaaaaaaaaaad,bad,1
983,baaaaaaaad,bad,1
984,baddddddd,bad,1
985,bbbbbbbbad,bad,1
986,bbbbbbad,bad,1
987,badddd,bad,1
988,badddddd,bad,1
989,baaaaaaaaaaaaaad,bad,1
990,baaaaaaaaad,bad,1
991,baaaad,bad,1
992,baaaaaaaaaaaaad,bad,1
993,baaaaaaaaaaaaaad,bad,1
994,baaaaaaaad,bad,1
995,baaaaaad,bad,1
996,badddddddd,bad,1
997,badddddd,bad,1
998,baddddddddd,bad,1
999,baaaaaaaaaad,bad,1
1000,noooooo,no,1
1001,nooooo,no,1
1002,nnnnnnnnnnnnnnno,no,1
1003,noo,no,1
1004,noooo,no,1
1005,nnnnnnnnno,no,1
1006,nooooooooooooooo,no,1
1007,nooooooooooooooo,no,1
1008,nooooooo,no,1
1009,nnnnnnnnnnnnnnno,no,1
1010,nnnnnno,no,1
1011,nnnnnnnnnnnnnnno,no,1
1012,noooo,no,1
1013,nnnnnnnnnnnnno,no,1
1014,nnnnnnnnno,no,1
1015,noooooooo,no,1
1016,noooooo,no,1
1017,nooo,no,1
1018,nooooooooo,no,1
1019,nooo,no,1
1020,nooooooo,no,1
1021,nnnnnnnnnno,no,1
1022,nooooooooooooooo,no,1
1023,noooo,no,1
1024,nnnnnnnnnnnno,no,1
1025,noooooooooo,no,1
1026,nnnnnno,no,1
1027,nnnnno,no,1
1028,nnnnnnnnnno,no,1
1029,nnnnnno,no,1
1030,noo,no,1
1031,noooooooo,no,1
1032,nnnnnnno,no,1
1033,nnno,no,1
1034,nooooooooooooo,no,1
1035,nooooooooo,no,1
1036,nooooo,no,1
1037,nooooooooo,no,1
1038,nooooooo,no,1
1039,nnnnno,no,1
1040,noooooooooooooo,no,1
1041,nnnnnnnnnnnnnno,no,1
1042,nooooooooooooo,no,1
1043,noooooo,no,1
1044,noooooooo,no,1
1045,nnnnnnnnnnnno,no,1
1046,noooooooooooo,no,1
1047,nooooooooooooooo,no,1
1048,nooooooooooooo,no,1
1049,nooooooooooooo,no,1
1050,noooooooooooooo,no,1
1051,nnnnnnnnnnnno,no,1
1052,nnnnno,no,1
1053,noooooooooo,no,1
1054,nooooo,no,1
1055,nnnnnnnnnnno,no,1
1056,nooooooo,no,1
1057,nnnnno,no,1
1058,nnnnnnnnno,no,1
1059,nnnnnnnnnnnnnnno,no,1
1060,noooooooo,no,1
1061,nnnnnnnnnnno,no,1
1062,nooooooo,no,1
1063,nnnnnnnnnnnno,no,1
1064,nnnno,no,1
1065,nooooooooooooo,no,1
1066,nnnnnnnnno,no,1
1067,nnnnnnnnnnnnno,no,1
1068,nooooooooo,no,1
1069,nnnnnnnno,no,1
1070,noooooooooooooo,no,1
1071,nnnnnnnnnnnnnno,no,1
1072,noooo,no,1
1073,noooooooooooo,no,1
1074,nnnnnnnnno,no,1
1075,nnnnno,no,1
1076,nno,no,1
1077,nnnnnno,no,1
1078,noooooooo,no,1
1079,nooo,no,1
1080,nooo,no,1
1081,nnnnnnnnnnnno,no,1
1082,noooo,no,1
1083,nooooooooooo,no,1
1084,nnnnnnnnno,no,1
1085,nnnno,no,1
1086,nooooooooooooooo,no,1
1087,nooooooo,no,1
1088,nooo,no,1
1089,nooooooooooooooo,no,1
1090,noooooooo,no,1
1091,noooooo,no,1
1092,nnnnnnnnnnno,no,1
1093,nooooo,no,1
1094,nnnnnnnnnno,no,1
1095,nnnnnnnnnnnnno,no,1
1096,nnnnnnnnno,no,1
1097,noooooooo,no,1
1098,nnnnno,no,1
1099,nnnnnnnnnnnnnno,no,1
1100,ssssssshit,shit,1
1101,shhhhhhhhhhhit,shit,1
1102,ssssssshit,shit,1
1103,shitttttt,shit,1
1104,shiiiiiiiiiiiiiiit,shit,1
1105,sssssssshit,shit,1
1106,shiiit,shit,1
1107,shhhhhhhhhhhhit,shit,1
1108,shittttt,shit,1
1109,ssssssshit,shit,1
1110,shiiiiiiiiit,shit,1
1111,shhit,shit,1
1112,shitttt,shit,1
1113,shhhhhhhhhhit,shit,1
1114,shittttttt,shit,1
1115,shhhhit,shit,1
1116,shiiiiiiiit,shit,1
1117,sssssssssshit,shit,1
1118,shitttt,shit,1
1119,shhhhhhhit,shit,1
1120,sssssssshit,shit,1
1121,sssssshit,shit,1
1122,shhhhhhhhit,shit,1
1123,shitttttttttt,shit,1
1124,ssssssshit,shit,1
1125,shittttttttttttttt,shit,1
1126,shitttttttttttt,shit,1
1127,shiiiiiiiit,shit,1
1128,sshit,shit,1
1129,shittttttttttt,shit,1
1130,sssssshit,shit,1
1131,shhhit,shit,1
1132,shiiiiiiiiiiiiit,shit,1
1133,shhhhhhhhhhhhhhit,shit,1
1134,shhit,shit,1
1135,shhhhhhhhit,shit,1
1136,shitttttttttttt,shit,1
1137,shiiiiiiiiiiiiiit,shit,1
1138,shiiiiiiiit,shit,1
1139,sssssssssssshit,shit,1
1140,shiiiiiiiiiiiiiit,shit,1
1141,shhhhhhhhhhhhhit,shit,1
1142,sshit,shit,1
1143,sssssssssssshit,shit,1
1144,shiiiit,shit,1
1145,shhhit,shit,1
1146,sssssssssssssshit,shit,1
1147,shhhhhhhhhhhhit,shit,1
1148,shitttttttttttttt,shit,1
1149,shitt,shit,1
1150,shiiit,shit,1
1151,shiiit,shit,1
1152,ssssssssssssssshit,shit,1
1153,shittttttttt,shit,1
1154,shiiiiiiiiiiiit,shit,1
1155,shittt,shit,1
1156,sssssssssssshit,shit,1
1157,shiiit,shit,1
1158,sssssssssssssshit,shit,1
1159,shiiiiiiiiiiit,shit,1
1160,sshit,shit,1
1161,shiiiiiiiit,shit,1
1162,shitttt,shit,1
1163,shhhhhhhhhhhhit,shit,1
1164,shiiiiiiiiiiit,shit,1
1165,shhhhhhhhhhhit,shit,1
1166,shiiiiit,shit,1
1167,shhit,shit,1
1168,shiiiiit,shit,1
1169,shhhhhhhhhhhhhhhit,shit,1
1170,shiiit,shit,1
1171,shittttttttttttttt,shit,1
1172,ssssssshit,shit,1
1173,shhhhhhhhit,shit,1
1174,shiiiiiiiiiiiit,shit,1
1175,shiiiiiiiiiit,shit,1
1176,ssssssssshit,shit,1
1177,shhhhhhhhhhhhhit,shit,1
1178,shittt,shit,1
1179,shitttttttttttt,shit,1
1180,shhhhit,shit,1
1181,shitt,shit,1
1182,ssssssssssshit,shit,1
1183,shiiit,shit,1
1184,shiiiiiiiiit,shit,1
1185,ssssssssshit,shit,1
1186,shittttttttttttt,shit,1
1187,shiiiiiiiiiiiiiit,shit,1
1188,shiiiiiiiiiiiiiit,shit,1
1189,shitttttttttttt,shit,1
1190,ssssssssssssssshit,shit,1
1191,shittttt,shit,1
1192,shiiit,shit,1
1193,shittttttt,shit,1
1194,ssssssssssssssshit,shit,1
1195,sssssssshit,shit,1
1196,shiiiiiiiiit,shit,1
1197,shhhhhhhhhhhhit,shit,1
1198,shitttttttttttttt,shit,1
1199,shittttttttt,shit,1
1200,fuuuuuuuuuuuuuuck,fuck,1
1201,fuuuuuck,fuck,1
1202,fuuuuck,fuck,1
1203,fuuuuuuuuuuuck,fuck,1
1204,fucck,fuck,1
1205,fffffffffffffffuck,fuck,1
1206,fuuuuuuuuuck,fuck,1
1207,fuckkkkkkkkkkkk,fuck,1
1208,fucccccccccck,fuck,1
1209,fuckk,fuck,1
1210,fuuuck,fuck,1
1211,fuckkkkkkk,fuck,1
1212,fffffffffuck,fuck,1
1213,fuuck,fuck,1
1214,fuccck,fuck,1
1215,fucck,fuck,1
1216,fuckkkkkkkkkkkk,fuck,1
1217,fuckkkkkkkkkkkkkkk,fuck,1
1218,fffffffffuck,fuck,1
1219,fuuuuuck,fuck,1
1220,fffffffuck,fuck,1
1221,fuuuuuuck,fuck,1
1222,fuckkkkkk,fuck,1
1223,fuccccccccccccck,fuck,1
1224,fuccccccccccccck,fuck,1
1225,ffuck,fuck,1
1226,fucccccck,fuck,1
1227,fffffffffuck,fuck,1
1228,fuuuuuuuuuuuuck,fuck,1
1229,fuckkkkkkkk,fuck,1
1230,fuccck,fuck,1
1231,fuuuuuck,fuck,1
1232,fuccccccccck,fuck,1
1233,fffuck,fuck,1
1234,fuuuuuuuuuck,fuck,1
1235,fuccccck,fuck,1
1236,fuckk,fuck,1
1237,fucck,fuck,1
1238,ffffuck,fuck,1
1239,fuuuuuuuuuuuuuck,fuck,1
1240,fuckkkkkkk,fuck,1
1241,fuuuuck,fuck,1
1242,fffuck,fuck,1
1243,fucccccccccccck,fuck,1
1244,fuckkkkkkkkk,fuck,1
1245,fuckkkkkkkk,fuck,1
1246,ffffffuck,fuck,1
1247,fucccccccck,fuck,1
1248,fuccccck,fuck,1
1249,fuuuuuuuuuuuuuuck,fuck,1
1250,fuuuuuuuuuuck,fuck,1
1251,fuckkk,fuck,1
1252,fuuuuuuuuuuuuuuuck,fuck,1
1253,fuckkk,fuck,1
1254,fuckkkk,fuck,1
1255,fuckkkkkk,fuck,1
1256,ffffuck,fuck,1
1257,fuckkkkkkkkkkkkkk,fuck,1
1258,fuuuuuuuuuuuuuuck,fuck,1
1259,fuckkkkkkkkkkkk,fuck,1
1260,fucccccck,fuck,1
1261,fffffffffffffffuck,fuck,1
1262,fucck,fuck,1
1263,fuuck,fuck,1
1264,fffffffuck,fuck,1
1265,ffffffffffuck,fuck,1
1266,ffuck,fuck,1
1267,fuckkkkkk,fuck,1
1268,fuckk,fuck,1
1269,fuuuuck,fuck,1
1270,fuuck,fuck,1
1271,fuckkkkkkkkkkkkkkk,fuck,1
1272,fuckk,fuck,1
1273,fucccccccccck,fuck,1
1274,fffffuck,fuck,1
1275,fuuuuuuuuuuuuuuck,fuck,1
1276,fuccccck,fuck,1
1277,fuuuuuuuuuuuck,fuck,1
1278,fffffffffuck,fuck,1
1279,fffffffuck,fuck,1
1280,fuckkkkkkkk,fuck,1
1281,ffffffffffuck,fuck,1
1282,fuckkkkkkkkkkkk,fuck,1
1283,fuccck,fuck,1
1284,fffffffffffffuck,fuck,1
1285,fucck,fuck,1
1286,fuckkkk,fuck,1
1287,fuckkk,fuck,1
1288,fffuck,fuck,1
1289,fffffffuck,fuck,1
1290,fuccck,fuck,1
1291,fuuuuuuck,fuck,1
1292,fffffffffuck,fuck,1
1293,fffffffffffffuck,fuck,1
1294,fuckkkkkkkkkkkkk,fuck,1
1295,fucck,fuck,1
1296,fuuuuuuck,fuck,1
1297,fuccccccccccccck,fuck,1
1298,fuccccccck,fuck,1
1299,ffffffffffffuck,fuck,1
1300,nassssty,nasty,1
1301,nastyyyyyyyyyy,nasty,1
1302,nastyyyyyyyyy,nasty,1
1303,naaasty,nasty,1
1304,naasty,nasty,1
1305,nnnnnnnnnnnnnasty,nasty,1
1306,naaaaaaaaaaaaasty,nasty,1
1307,nasssssty,nasty,1
1308,naaaaaaasty,nasty,1
1309,naaaaaaaaaaaasty,nasty,1
1310,nnnnnasty,nasty,1
1311,nnasty,nasty,1
1312,naaaasty,nasty,1
1313,nastyyyyy,nasty,1
1314,nasttttttty,nasty,1
1315,nnnnnnnnnasty,nasty,1
1316,nastyyyyyyyyy,nasty,1
1317,nastttttttttttttty,nasty,1
1318,nassssssssty,nasty,1
1319,nasttty,nasty,1
1320,nasttttttttttttttty,nasty,1
1321,nasssssssty,nasty,1
1322,naasty,nasty,1
1323,nasttttttttttttttty,nasty,1
1324,nnnnnnnnnasty,nasty,1
1325,nasssssssssssty,nasty,1
1326,naaasty,nasty,1
1327,naaasty,nasty,1
1328,nastyyyyy,nasty,1
1329,naaasty,nasty,1
1330,nassssty,nasty,1
1331,nasssty,nasty,1
1332,naaaaaaaaaaasty,nasty,1
1333,naaaaaaaaaaaasty,nasty,1
1334,nnnnnnnnnnnnnnasty,nasty,1
1335,nnnnasty,nasty,1
1336,nasttttttttttty,nasty,1
1337,nastttty,nasty,1
1338,nasssssssssssssssty,nasty,1
1339,nasttttttttttttty,nasty,1
1340,naaaaaaaasty,nasty,1
1341,nastyy,nasty,1
1342,nasssssty,nasty,1
1343,nastttttttttttty,nasty,1
1344,nasssssssssssssty,nasty,1
1345,nastyyyyyyyyyyyyyyy,nasty,1
1346,nnnnnnnasty,nasty,1
1347,nnnnnnnnnasty,nasty,1
1348,nastyyyyyy,nasty,1
1349,nastttttttttttttty,nasty,1
1350,nastttttttty,nasty,1
1351,nnnnasty,nasty,1
1352,nastyyyyyyyyyy,nasty,1
1353,nnnnnnnnnasty,nasty,1
1354,nasttttttttttttttty,nasty,1
1355,naaasty,nasty,1
1356,nastyyyyyyy,nasty,1
1357,nnnnnnnnnasty,nasty,1
1358,nastttttty,nasty,1
1359,nassty,nasty,1
1360,nassssssssty,nasty,1
1361,nasssssssssssssssty,nasty,1
1362,naaaaaaaaaaaaaaasty,nasty,1
1363,nnnnnnasty,nasty,1
1364,nnnnnnnnasty,nasty,1
1365,nassssty,nasty,1
1366,naaaaaaaaaaaaaaasty,nasty,1
1367,nnnnnnnnnnnasty,nasty,1
1368,naaaaaaaaaaaaasty,nasty,1
1369,nasssssty,nasty,1
1370,nastyy,nasty,1
1371,nastyyyyyy,nasty,1
1372,nastyyyyyyy,nasty,1
1373,naaaaaaasty,nasty,1
1374,nastyyyyyyyyyyyyyy,nasty,1
1375,nasttttttttttttty,nasty,1
1376,nasttttty,nasty,1
1377,nastyyyyyyy,nasty,1
1378,naaaaasty,nasty,1
1379,nnnnnnnnnnnasty,nasty,1
1380,nastyy,nasty,1
1381,naaaaaaaaaaaaasty,nasty,1
1382,nassssty,nasty,1
1383,nastyyyyyyy,nasty,1
1384,naaaaaasty,nasty,1
1385,naaaaaaaaaaaaaaasty,nasty,1
1386,nastyyyyyyyyyyyyyyy,nasty,1
1387,nastty,nasty,1
1388,nastyyyyyyyyyyyyyy,nasty,1
1389,nasttttty,nasty,1
1390,nastyyyyyyyyyy,nasty,1
1391,nnnnnnnnnnnnnnnasty,nasty,1
1392,nastty,nasty,1
1393,nastyyyyyyyyyyyyyy,nasty,1
1394,naaaaaaaaasty,nasty,1
1395,nasttttttttttttttty,nasty,1
1396,nastttttttty,nasty,1
1397,nnnnnasty,nasty,1
1398,naaaaaaaaaaasty,nasty,1
1399,naaaaaaaaaaaaasty,nasty,1
